Model,ROC_AUC
Logistic Regression,0.6073456033883625
Logistic Regression + SMOTE,0.6027046351238576
Random Forest,0.9999999999999999
XGBoost,0.9999999390953842
